{
	"lombardia": {
		"id": 44879,
		"name": "Lombardia",
		"slug": "lombardia"
	},
	"emilia-romagna": {
		"id": 42611,
		"name": "Emilia-Romagna",
		"slug": "emilia-romagna"
	},
	"piemonte": {
		"id": 44874,
		"name": "Piemonte",
		"slug": "piemonte"
	},
	"veneto": {
		"id": 43648,
		"name": "Veneto",
		"slug": "veneto"
	},
	"friuli-venezia-giulia": {
		"id": 179296,
		"name": "Friuli-Venezia Giulia",
		"slug": "friuli-venezia-giulia"
	},
	"lazio": {
		"id": 40784,
		"name": "Lazio",
		"slug": "lazio"
	},
	"trentino-alto-adige": {
		"id": 45757,
		"name": "Trentino-Alto Adige",
		"slug": "trentino-alto-adige"
	},
	"puglia": {
		"id": 40095,
		"name": "Puglia",
		"slug": "puglia"
	},
	"toscana": {
		"id": 41977,
		"name": "Toscana",
		"slug": "toscana"
	},
	"sardegna": {
		"id": 7361997,
		"name": "Sardegna",
		"slug": "sardegna"
	},
	"molise": {
		"id": 41256,
		"name": "Molise",
		"slug": "molise"
	},
	"umbria": {
		"id": 42004,
		"name": "Umbria",
		"slug": "umbria"
	},
	"calabria": {
		"id": 1783980,
		"name": "Calabria",
		"slug": "calabria"
	},
	"liguria": {
		"id": 301482,
		"name": "Liguria",
		"slug": "liguria"
	},
	"campania": {
		"id": 40218,
		"name": "Campania",
		"slug": "campania"
	},
	"sicilia": {
		"id": 39152,
		"name": "Sicilia",
		"slug": "sicilia"
	},
	"marche": {
		"id": 53060,
		"name": "Marche",
		"slug": "marche"
	},
	"abruzzo": {
		"id": 53937,
		"name": "Abruzzo",
		"slug": "abruzzo"
	},
	"basilicata": {
		"id": 40137,
		"name": "Basilicata",
		"slug": "basilicata"
	},
	"valle-d-aosta": {
		"id": 45155,
		"name": "Valle d'Aosta",
		"slug": "valle-d-aosta"
	}
}